ID	title	region	release_name	copyright	domestic_title	overseas_title	product_id	region_codes	rom_size
0e320ae8	240p Test Suite	NTSC-U	240p Test Suite (World) (Program) (Aftermarket) (Unl).32x		32X 240p Test Suite	32X 240p Test Suite	20220208		808596016
542ad12e	32X Sample Program - PWM Sound Demo (Unknown) (SDK Build)	NTSC-U	32X Sample Program - PWM Sound Demo (Unknown) (SDK Build).32x						
029106f5	After Burner Complete	PAL	After Burner Complete (Europe).32x	(C)SEGA 1994.NOV	AFTER BURNER    COMPLETE	AFTER BURNER    COMPLETE	MK-84507		1261254708
204044c4	After Burner Complete (Japan, USA)	NTSC-U	After Burner Complete (Japan, USA) (En).32x	(C)SEGA 1994.OCT	AFTER BURNER    COMPLETE	AFTER BURNER    COMPLETE	MK-84507		1261254708
29dce257	Amazing Spider-Man, The - Web of Fire	NTSC-U	Amazing Spider-Man, The - Web of Fire (USA).32x	(C)SEGA 1995.DEC	SPIDER-MAN	SPIDER-MAN	MK-84517		1261254708
936c3d27	BC Racers	NTSC-U	BC Racers (USA).32x	(C)T-1151995.APR	BC RACERS X	BC RACERS X	T-11505B		758198581
d1a60a47	Blackthorne	NTSC-U	Blackthorne (USA).32x	(C)SEGA 1995.SEP	BLACKTHORNE 32X		MK-84519		1261254708
7a72c939	Brutal - Above the Claw	NTSC-U	Brutal - Above the Claw (USA).32x	(C)T-83 1995.APR	BRUTAL UNLEASHED - ABOVE THE CLAW	BRUTAL UNLEASHED - ABOVE THE CLAW	T-8301B		758657840
59701755	ClayFighter 2 (1995-04-28)	NTSC-U	ClayFighter 2 (USA) (Proto) (1995-04-28).32x						
9f3fdbc2	Cosmic Carnage	PAL	Cosmic Carnage (Europe).32x	(C)SEGA 1994.OCT	Cyber Brawl	Cosmic Carnage	MK-84700		1261254708
d4166241	Cosmic Carnage (Japan, USA) (1994-09-06)	NTSC-U	Cosmic Carnage (Japan, USA) (En) (Beta) (1994-09-06).32x						
7b58141c	Cosmic Carnage (Japan, USA) (1994-09-21)	NTSC-U	Cosmic Carnage (Japan, USA) (En) (Beta) (1994-09-21).32x						
f04f4366	Cosmic Carnage (Japan, USA) (1994-09-26)	NTSC-U	Cosmic Carnage (Japan, USA) (En) (Beta) (1994-09-26).32x	(C)SEGA 1994.???	Virtual Fight	Virtual Fight	G-xxxx		762869880
cf89175f	Cosmic Carnage (Japan, USA) (1994-09-28)	NTSC-U	Cosmic Carnage (Japan, USA) (En) (Beta) (1994-09-28).32x	(C)SEGA 1994.???	Cyber Brawl	Cosmic Carnage	G-xxxx		762869880
c6867772	Cosmic Carnage (Japan, USA) (1994-10-04)	NTSC-U	Cosmic Carnage (Japan, USA) (En) (Beta) (1994-10-04).32x	(C)SEGA 1994.OCT	Cyber Brawl	Cosmic Carnage	MK-84700		1261254708
bfe27f56	Cosmic Carnage (Japan, USA) (1994-10-05)	NTSC-U	Cosmic Carnage (Japan, USA) (En) (Beta) (1994-10-05).32x	(C)SEGA 1994.OCT	Cyber Brawl	Cosmic Carnage	MK-84700		1261254708
d8b04c24	Cosmic Carnage (Japan, USA) (1994-10-07)	NTSC-U	Cosmic Carnage (Japan, USA) (En) (Beta) (1994-10-07).32x	(C)SEGA 1994.OCT	Cyber Brawl	Cosmic Carnage	MK-84700		1261254708
e483498b	Cosmic Carnage (Japan, USA) (1994-10-11)	NTSC-U	Cosmic Carnage (Japan, USA) (En) (Beta) (1994-10-11).32x	(C)SEGA 1994.OCT	Cyber Brawl	Cosmic Carnage	MK-84700		1261254708
7c7be6a2	Cosmic Carnage (Japan, USA)	NTSC-U	Cosmic Carnage (Japan, USA) (En).32x	(C)SEGA 1994.OCT	Cyber Brawl	Cosmic Carnage	MK-84700		1261254708
22d7c906	Darxide (En,Fr,De,Es)	PAL	Darxide (Europe) (En,Fr,De,Es).32x	(C)SEGA 1995.NOV	DARXIDE	DARXIDE	MK-84580		1261254708
6182e821	Doom (1994-10-02)	PAL	Doom (Europe) (Beta) (1994-10-02).32x	(C)SEGA 1994.OCT	DOOM	DOOM	MK-84506		1261254708
53734e3a	Doom	PAL	Doom (Europe).32x	(C)SEGA 1994.OCT	DOOM	DOOM	MK-84506		1261254708
646d5c47	Doom (Japan, USA) (1994-09-06)	NTSC-U	Doom (Japan, USA) (En) (Beta) (1994-09-06).32x						
8d757b51	Doom (Japan, USA) (1994-09-09)	NTSC-U	Doom (Japan, USA) (En) (Beta) (1994-09-09).32x						
102678b3	Doom (Japan, USA) (1994-09-14)	NTSC-U	Doom (Japan, USA) (En) (Beta) (1994-09-14).32x						
b554596f	Doom (Japan, USA) (1994-09-16)	NTSC-U	Doom (Japan, USA) (En) (Beta) (1994-09-16).32x						
2d09b919	Doom (Japan, USA) (1994-09-21)	NTSC-U	Doom (Japan, USA) (En) (Beta) (1994-09-21).32x	(C)SEGA 1994.SEP	DOOM	DOOM	MK-84506		1261254708
abc3eb89	Doom (Japan, USA) (1994-09-23)	NTSC-U	Doom (Japan, USA) (En) (Beta) (1994-09-23).32x	(C)SEGA 1994.SEP	DOOM	DOOM	MK-84506		1261254708
b9ae1316	Doom (Japan, USA) (1994-09-25)	NTSC-U	Doom (Japan, USA) (En) (Beta) (1994-09-25).32x	(C)SEGA 1994.SEP	DOOM	DOOM	MK-84506		1261254708
12991053	Doom (Japan, USA) (1994-09-27)	NTSC-U	Doom (Japan, USA) (En) (Beta) (1994-09-27).32x	(C)SEGA 1994.SEP	DOOM	DOOM	MK-84506		1261254708
7dcc1c18	Doom (Japan, USA) (1994-12-01)	NTSC-U	Doom (Japan, USA) (En) (Beta) (1994-12-01).32x	(C)SEGA 1994.SEP	DOOM	DOOM	MK-84506		1261254708
208332fd	Doom (Japan, USA)	NTSC-U	Doom (Japan, USA) (En).32x	(C)SEGA 1994.OCT	DOOM	DOOM	MK-84506		1261254708
48399bc5	Doom RR (Japan, USA) (1995-02-15)	NTSC-U	Doom RR (Japan, USA) (En) (Beta) (1995-02-15).32x	(C)SEGA 1994.OCT	DOOM	DOOM	MK-84506		1261254708
6f1572f9	Doom RR (Japan, USA) (1995-02-21)	NTSC-U	Doom RR (Japan, USA) (En) (Beta) (1995-02-21).32x	(C)SEGA 1994.OCT	DOOM	DOOM	MK-84506		1261254708
955cf84a	Doom RR (Japan, USA) (1995-03-07)	NTSC-U	Doom RR (Japan, USA) (En) (Beta) (1995-03-07).32x	(C)SEGA 1994.OCT	DOOM	DOOM	MK-84506		1261254708
b06178df	Ecco the Dolphin (Developer Cart)	NTSC-U	Ecco the Dolphin (USA) (Demo) (Developer Cart).32x						
fb14a7c8	FIFA Soccer 96 (En,Fr,De,Es,It,Sv)	PAL	FIFA Soccer 96 (Europe) (En,Fr,De,Es,It,Sv).32x						
a63b0636	Golf Magazine Presents - 36 Great Holes Starring Fred Couples (1994-12-14)	PAL	Golf Magazine Presents - 36 Great Holes Starring Fred Couples (Europe) (Beta) (1994-12-14).32x	(C)SEGA 1994.NOV	36 GREAT HOLES	36 GREAT HOLES	MK-84602		1261254708
cc0334bb	Golf Magazine Presents - 36 Great Holes Starring Fred Couples (1994-12-21)	PAL	Golf Magazine Presents - 36 Great Holes Starring Fred Couples (Europe) (Beta) (1994-12-21).32x	(C)SEGA 1994.NOV	36 GREAT HOLES	36 GREAT HOLES	MK-84602		1261254708
6ef99202	Golf Magazine Presents - 36 Great Holes Starring Fred Couples	PAL	Golf Magazine Presents - 36 Great Holes Starring Fred Couples (Europe).32x	(C)SEGA 1994.NOV	36 GREAT HOLES	36 GREAT HOLES	MK-84602		1261254708
6726c100	Golf Magazine Presents - 36 Great Holes Starring Fred Couples (Japan, USA) (1994-07-06)	NTSC-U	Golf Magazine Presents - 36 Great Holes Starring Fred Couples (Japan, USA) (En) (Beta) (1994-07-06).32x						
622a34a5	Golf Magazine Presents - 36 Great Holes Starring Fred Couples (Japan, USA) (1994-10-11)	NTSC-U	Golf Magazine Presents - 36 Great Holes Starring Fred Couples (Japan, USA) (En) (Beta) (1994-10-11).32x						
cbd33fc7	Golf Magazine Presents - 36 Great Holes Starring Fred Couples (Japan, USA) (1994-10-17)	NTSC-U	Golf Magazine Presents - 36 Great Holes Starring Fred Couples (Japan, USA) (En) (Beta) (1994-10-17).32x						
e39ba17f	Golf Magazine Presents - 36 Great Holes Starring Fred Couples (Japan, USA) (1994-10-18)	NTSC-U	Golf Magazine Presents - 36 Great Holes Starring Fred Couples (Japan, USA) (En) (Beta) (1994-10-18).32x						
ffe279cc	Golf Magazine Presents - 36 Great Holes Starring Fred Couples (Japan, USA) (1994-10-24)	NTSC-U	Golf Magazine Presents - 36 Great Holes Starring Fred Couples (Japan, USA) (En) (Beta) (1994-10-24).32x						
37a79c9c	Golf Magazine Presents - 36 Great Holes Starring Fred Couples (Japan, USA) (1994-10-26)	NTSC-U	Golf Magazine Presents - 36 Great Holes Starring Fred Couples (Japan, USA) (En) (Beta) (1994-10-26).32x						
91106a69	Golf Magazine Presents - 36 Great Holes Starring Fred Couples (Japan, USA) (1994-11-01)	NTSC-U	Golf Magazine Presents - 36 Great Holes Starring Fred Couples (Japan, USA) (En) (Beta) (1994-11-01).32x						
d261a6c3	Golf Magazine Presents - 36 Great Holes Starring Fred Couples (Japan, USA) (1994-11-03)	NTSC-U	Golf Magazine Presents - 36 Great Holes Starring Fred Couples (Japan, USA) (En) (Beta) (1994-11-03).32x	(C)SEGA 1994.NOV	36 GREAT HOLES	36 GREAT HOLES	MK-84602		1261254708
1559541e	Golf Magazine Presents - 36 Great Holes Starring Fred Couples (Japan, USA) (1994-11-05)	NTSC-U	Golf Magazine Presents - 36 Great Holes Starring Fred Couples (Japan, USA) (En) (Beta) (1994-11-05).32x	(C)SEGA 1994.NOV	36 GREAT HOLES	36 GREAT HOLES	MK-84602		1261254708
36b1708e	Golf Magazine Presents - 36 Great Holes Starring Fred Couples (Japan, USA) (1994-11-07)	NTSC-U	Golf Magazine Presents - 36 Great Holes Starring Fred Couples (Japan, USA) (En) (Beta) (1994-11-07).32x	(C)SEGA 1994.NOV	36 GREAT HOLES	36 GREAT HOLES	MK-84602		1261254708
bcaf23fd	Golf Magazine Presents - 36 Great Holes Starring Fred Couples (Japan, USA) (1994-11-08)	NTSC-U	Golf Magazine Presents - 36 Great Holes Starring Fred Couples (Japan, USA) (En) (Beta) (1994-11-08).32x	(C)SEGA 1994.NOV	36 GREAT HOLES	36 GREAT HOLES	MK-84602		1261254708
5226ef71	Golf Magazine Presents - 36 Great Holes Starring Fred Couples (Japan, USA) (1994-11-09)	NTSC-U	Golf Magazine Presents - 36 Great Holes Starring Fred Couples (Japan, USA) (En) (Beta) (1994-11-09).32x	(C)SEGA 1994.NOV	36 GREAT HOLES	36 GREAT HOLES	MK-84602		1261254708
ccb9fead	Golf Magazine Presents - 36 Great Holes Starring Fred Couples (Japan, USA) (1994-11-16)	NTSC-U	Golf Magazine Presents - 36 Great Holes Starring Fred Couples (Japan, USA) (En) (Beta) (1994-11-16).32x	(C)SEGA 1994.NOV	36 GREAT HOLES	36 GREAT HOLES	MK-84602		1261254708
dc4c7c27	Golf Magazine Presents - 36 Great Holes Starring Fred Couples (Japan, USA) (1994-11-18)	NTSC-U	Golf Magazine Presents - 36 Great Holes Starring Fred Couples (Japan, USA) (En) (Beta) (1994-11-18).32x	(C)SEGA 1994.NOV	36 GREAT HOLES	36 GREAT HOLES	MK-84602		1261254708
da1026c8	Golf Magazine Presents - 36 Great Holes Starring Fred Couples (Japan, USA) (1994-11-19)	NTSC-U	Golf Magazine Presents - 36 Great Holes Starring Fred Couples (Japan, USA) (En) (Beta) (1994-11-19) (Alt).32x	(C)SEGA 1994.NOV	36 GREAT HOLES	36 GREAT HOLES	MK-84602		1261254708
8fa32086	Golf Magazine Presents - 36 Great Holes Starring Fred Couples (Japan, USA) (1994-11-19)	NTSC-U	Golf Magazine Presents - 36 Great Holes Starring Fred Couples (Japan, USA) (En) (Beta) (1994-11-19).32x	(C)SEGA 1994.NOV	36 GREAT HOLES	36 GREAT HOLES	MK-84602		1261254708
8d0713ce	Golf Magazine Presents - 36 Great Holes Starring Fred Couples (Japan, USA) (1994-11-21)	NTSC-U	Golf Magazine Presents - 36 Great Holes Starring Fred Couples (Japan, USA) (En) (Beta) (1994-11-21).32x	(C)SEGA 1994.NOV	36 GREAT HOLES	36 GREAT HOLES	MK-84602		1261254708
e1e98cac	Golf Magazine Presents - 36 Great Holes Starring Fred Couples (Japan, USA) (1994-11-22)	NTSC-U	Golf Magazine Presents - 36 Great Holes Starring Fred Couples (Japan, USA) (En) (Beta) (1994-11-22) (Alt).32x	(C)SEGA 1994.NOV	36 GREAT HOLES	36 GREAT HOLES	MK-84602		1261254708
6b656643	Golf Magazine Presents - 36 Great Holes Starring Fred Couples (Japan, USA) (1994-11-22)	NTSC-U	Golf Magazine Presents - 36 Great Holes Starring Fred Couples (Japan, USA) (En) (Beta) (1994-11-22).32x	(C)SEGA 1994.NOV	36 GREAT HOLES	36 GREAT HOLES	MK-84602		1261254708
0b58f6a5	Golf Magazine Presents - 36 Great Holes Starring Fred Couples (Japan, USA) (1994-11-23)	NTSC-U	Golf Magazine Presents - 36 Great Holes Starring Fred Couples (Japan, USA) (En) (Beta) (1994-11-23).32x	(C)SEGA 1994.NOV	36 GREAT HOLES	36 GREAT HOLES	MK-84602		1261254708
2ece26db	Golf Magazine Presents - 36 Great Holes Starring Fred Couples (Japan, USA) (1994-11-26)	NTSC-U	Golf Magazine Presents - 36 Great Holes Starring Fred Couples (Japan, USA) (En) (Beta) (1994-11-26).32x	(C)SEGA 1994.NOV	36 GREAT HOLES	36 GREAT HOLES	MK-84602		1261254708
b5e82f07	Golf Magazine Presents - 36 Great Holes Starring Fred Couples (Japan, USA) (1994-11-27)	NTSC-U	Golf Magazine Presents - 36 Great Holes Starring Fred Couples (Japan, USA) (En) (Beta) (1994-11-27).32x	(C)SEGA 1994.NOV	36 GREAT HOLES	36 GREAT HOLES	MK-84602		1261254708
38d09772	Golf Magazine Presents - 36 Great Holes Starring Fred Couples (Japan, USA) (1994-11-28)	NTSC-U	Golf Magazine Presents - 36 Great Holes Starring Fred Couples (Japan, USA) (En) (Beta) (1994-11-28) (Alt).32x	(C)SEGA 1994.NOV	36 GREAT HOLES	36 GREAT HOLES	MK-84602		1261254708
8f4f6479	Golf Magazine Presents - 36 Great Holes Starring Fred Couples (Japan, USA) (1994-11-28)	NTSC-U	Golf Magazine Presents - 36 Great Holes Starring Fred Couples (Japan, USA) (En) (Beta) (1994-11-28).32x	(C)SEGA 1994.NOV	36 GREAT HOLES	36 GREAT HOLES	MK-84602		1261254708
9c5011b0	Golf Magazine Presents - 36 Great Holes Starring Fred Couples (Japan, USA) (1994-11-29)	NTSC-U	Golf Magazine Presents - 36 Great Holes Starring Fred Couples (Japan, USA) (En) (Beta) (1994-11-29).32x	(C)SEGA 1994.NOV	36 GREAT HOLES	36 GREAT HOLES	MK-84602		1261254708
41e2d54d	Golf Magazine Presents - 36 Great Holes Starring Fred Couples (Japan, USA) (1994-11-30)	NTSC-U	Golf Magazine Presents - 36 Great Holes Starring Fred Couples (Japan, USA) (En) (Beta) (1994-11-30).32x	(C)SEGA 1994.NOV	36 GREAT HOLES	36 GREAT HOLES	MK-84602		1261254708
323c2935	Golf Magazine Presents - 36 Great Holes Starring Fred Couples (Japan, USA) (1994-12-02)	NTSC-U	Golf Magazine Presents - 36 Great Holes Starring Fred Couples (Japan, USA) (En) (Beta) (1994-12-02).32x	(C)SEGA 1994.NOV	36 GREAT HOLES	36 GREAT HOLES	MK-84602		1261254708
3f30c0d2	Golf Magazine Presents - 36 Great Holes Starring Fred Couples (Japan, USA) (1994-12-03)	NTSC-U	Golf Magazine Presents - 36 Great Holes Starring Fred Couples (Japan, USA) (En) (Beta) (1994-12-03).32x	(C)SEGA 1994.NOV	36 GREAT HOLES	36 GREAT HOLES	MK-84602		1261254708
ecfe5a0f	Golf Magazine Presents - 36 Great Holes Starring Fred Couples (Japan, USA) (1994-12-06)	NTSC-U	Golf Magazine Presents - 36 Great Holes Starring Fred Couples (Japan, USA) (En) (Beta) (1994-12-06).32x	(C)SEGA 1994.NOV	36 GREAT HOLES	36 GREAT HOLES	MK-84602		1261254708
34bf7c6d	Golf Magazine Presents - 36 Great Holes Starring Fred Couples (Japan, USA) (1994-12-13)	NTSC-U	Golf Magazine Presents - 36 Great Holes Starring Fred Couples (Japan, USA) (En) (Beta) (1994-12-13).32x	(C)SEGA 1994.NOV	36 GREAT HOLES	36 GREAT HOLES	MK-84602		1261254708
c073149f	Golf Magazine Presents - 36 Great Holes Starring Fred Couples (Japan, USA) (1994-12-19)	NTSC-U	Golf Magazine Presents - 36 Great Holes Starring Fred Couples (Japan, USA) (En) (Beta) (1994-12-19).32x	(C)SEGA 1994.NOV	36 GREAT HOLES	36 GREAT HOLES	MK-84602		1261254708
3893dcfe	Golf Magazine Presents - 36 Great Holes Starring Fred Couples (Japan, USA) (1994-12-21)	NTSC-U	Golf Magazine Presents - 36 Great Holes Starring Fred Couples (Japan, USA) (En) (Beta) (1994-12-21).32x	(C)SEGA 1994.NOV	36 GREAT HOLES	36 GREAT HOLES	MK-84602		1261254708
d3d0a2fe	Golf Magazine Presents - 36 Great Holes Starring Fred Couples (Japan, USA)	NTSC-U	Golf Magazine Presents - 36 Great Holes Starring Fred Couples (Japan, USA) (En).32x	(C)SEGA 1994.NOV	36 GREAT HOLES	36 GREAT HOLES	MK-84602		1261254708
41d63572	Knuckles' Chaotix	PAL	Knuckles' Chaotix (Europe).32x	(C)SEGA 1995.FEB	CHAOTIX	CHAOTIX	MK-84503		1261254708
d62ae235	Knuckles' Chaotix (Japan, USA) (1994-12-07)	NTSC-U	Knuckles' Chaotix (Japan, USA) (En) (Beta) (1994-12-07).32x	(C)SEGA 1995.APR	Knuckles' Ringstar	Knuckles' Ringstar	XXXXXXXX		1482184792
4307d738	Knuckles' Chaotix (Japan, USA) (1994-12-27)	NTSC-U	Knuckles' Chaotix (Japan, USA) (En) (Beta) (1994-12-27).32x	(C)SEGA 1995.APR	CHAOTIX	CHAOTIX	XXXXXXXX		1482184792
36a294e0	Knuckles' Chaotix (Japan, USA) (1994-12-30)	NTSC-U	Knuckles' Chaotix (Japan, USA) (En) (Beta) (1994-12-30).32x	(C)SEGA 1995.APR	CHAOTIX	CHAOTIX	XXXXXXXX		1482184792
5523ea78	Knuckles' Chaotix (Japan, USA) (1995-01-12)	NTSC-U	Knuckles' Chaotix (Japan, USA) (En) (Beta) (1995-01-12).32x	(C)SEGA 1995.APR	CHAOTIX	CHAOTIX	MK-84515		1261254708
468ad032	Knuckles' Chaotix (Japan, USA) (1995-01-19)	NTSC-U	Knuckles' Chaotix (Japan, USA) (En) (Beta) (1995-01-19).32x	(C)SEGA 1995.APR	CHAOTIX	CHAOTIX	MK-84515		1261254708
7b32e440	Knuckles' Chaotix (Japan, USA) (1995-02-07)	NTSC-U	Knuckles' Chaotix (Japan, USA) (En) (Beta) (1995-02-07).32x	(C)SEGA 1995.JAN	CHAOTIX	CHAOTIX	MK-84515		1261254708
b099e5f6	Knuckles' Chaotix (Japan, USA) (1995-02-08)	NTSC-U	Knuckles' Chaotix (Japan, USA) (En) (Beta) (1995-02-08).32x	(C)SEGA 1995.JAN	CHAOTIX	CHAOTIX	MK-84515		1261254708
e95d7f57	Knuckles' Chaotix (Japan, USA) (1995-02-09)	NTSC-U	Knuckles' Chaotix (Japan, USA) (En) (Beta) (1995-02-09).32x	(C)SEGA 1995.FEB	CHAOTIX	CHAOTIX	MK-84515		1261254708
7b716175	Knuckles' Chaotix (Japan, USA) (1995-02-10)	NTSC-U	Knuckles' Chaotix (Japan, USA) (En) (Beta) (1995-02-10).32x	(C)SEGA 1995.FEB	CHAOTIX	CHAOTIX	MK-84515		1261254708
aff06bff	Knuckles' Chaotix (Japan, USA) (1995-02-13)	NTSC-U	Knuckles' Chaotix (Japan, USA) (En) (Beta) (1995-02-13) (Alt).32x	(C)SEGA 1995.FEB	CHAOTIX	CHAOTIX	MK-84515		1261254708
14f43e14	Knuckles' Chaotix (Japan, USA) (1995-02-13)	NTSC-U	Knuckles' Chaotix (Japan, USA) (En) (Beta) (1995-02-13).32x	(C)SEGA 1995.FEB	CHAOTIX	CHAOTIX	MK-84515		1261254708
ba0a1108	Knuckles' Chaotix (Japan, USA) (1995-02-14)	NTSC-U	Knuckles' Chaotix (Japan, USA) (En) (Beta) (1995-02-14).32x	(C)SEGA 1995.FEB	CHAOTIX	CHAOTIX	MK-84515		1261254708
d0b0b842	Knuckles' Chaotix (Japan, USA)	NTSC-U	Knuckles' Chaotix (Japan, USA) (En).32x	(C)SEGA 1995.FEB	CHAOTIX	CHAOTIX	MK-84503		1261254708
20ca53ef	Kolibri (USA, Europe)	NTSC-U	Kolibri (USA, Europe).32x	(C)SEGA 1995.AUG	KOLIBRI	KOLIBRI	MK-84518		1261254708
8f7260fb	Mars Check Program Version 1.0 (Unknown) (SDK Build) (Set 1)	NTSC-U	Mars Check Program Version 1.0 (Unknown) (SDK Build) (Set 1).32x						
a2da35fd	Mars Check Program Version 1.0 (Unknown) (SDK Build) (Set 2)	NTSC-U	Mars Check Program Version 1.0 (Unknown) (SDK Build) (Set 2).32x						
5f0df42c	Mars Sample Program - Gnu Sierra (Unknown) (SDK Build)	NTSC-U	Mars Sample Program - Gnu Sierra (Unknown) (SDK Build).32x						
969c80d4	Mars Sample Program - Pharaoh (Unknown) (SDK Build)	NTSC-U	Mars Sample Program - Pharaoh (Unknown) (SDK Build).32x						
d630e343	Mars Sample Program - Runlength Mode Test (Unknown) (SDK Build)	NTSC-U	Mars Sample Program - Runlength Mode Test (Unknown) (SDK Build).32x						
9b2ad63f	Mars Sample Program - Texture Test (Unknown) (SDK Build)	NTSC-U	Mars Sample Program - Texture Test (Unknown) (SDK Build).32x						
bf9b8376	Metal Head (En,Ja)	PAL	Metal Head (Europe) (En,Ja).32x	(C)SEGA 1994.DEC	METAL HEAD	METAL HEAD	MK-84511		1261254708
2ea0ff81	Metal Head (Japan, USA) (1994-11-14)	NTSC-U	Metal Head (Japan, USA) (En) (Beta) (1994-11-14).32x						
a0343749	Metal Head (Japan, USA) (1994-11-18)	NTSC-U	Metal Head (Japan, USA) (En) (Beta) (1994-11-18).32x	(C)SEGA 1994.DEC	METAL HEAD 11/28	HETAL HEAD 11/28	84511-00		875901233
398bcb98	Metal Head (Japan, USA) (1994-11-21)	NTSC-U	Metal Head (Japan, USA) (En) (Beta) (1994-11-21).32x						
8b7bc8a4	Metal Head (Japan, USA) (1994-12-02)	NTSC-U	Metal Head (Japan, USA) (En) (Beta) (1994-12-02).32x	(C)SEGA 1994.DEC	METAL HEAD 11/28	HETAL HEAD 11/28	84511-00		875901233
fa0fc326	Metal Head (Japan, USA) (1994-12-07)	NTSC-U	Metal Head (Japan, USA) (En) (Beta) (1994-12-07) (Alt).32x	(C)SEGA 1994.DEC	METAL HEAD	HETAL HEAD	84511-00		875901233
476d29b0	Metal Head (Japan, USA) (1994-12-07)	NTSC-U	Metal Head (Japan, USA) (En) (Beta) (1994-12-07).32x	(C)SEGA 1994.DEC	METAL HEAD	HETAL HEAD	84511-00		875901233
5369d23f	Metal Head (Japan, USA) (1994-12-09)	NTSC-U	Metal Head (Japan, USA) (En) (Beta) (1994-12-09).32x	(C)SEGA 1994.DEC	METAL HEAD	METAL HEAD	MK-84511		1261254708
3302b1a1	Metal Head (Japan, USA) (1994-12-13)	NTSC-U	Metal Head (Japan, USA) (En) (Beta) (1994-12-13).32x	(C)SEGA 1994.DEC	METAL HEAD	METAL HEAD	MK-84511		1261254708
de99c9ce	Metal Head (Japan, USA) (1994-12-20)	NTSC-U	Metal Head (Japan, USA) (En) (Beta) (1994-12-20).32x	(C)SEGA 1994.DEC	METAL HEAD	METAL HEAD	MK-84511		1261254708
ef5553ff	Metal Head (Japan, USA) (En,Ja)	NTSC-U	Metal Head (Japan, USA) (En,Ja).32x	(C)SEGA 1994.DEC	METAL HEAD	METAL HEAD	MK-84511		1261254708
211085ce	Mortal Kombat II	PAL	Mortal Kombat II (Europe).32x	(C)T-81 1995.JAN	MORTAL KOMBAT 2	MORTAL KOMBAT 2	T-08101B		758134833
773c0a85	Mortal Kombat II (Japan, USA)	NTSC-U	Mortal Kombat II (Japan, USA) (En).32x	(C)T-81 1994.DEC	MORTAL KOMBAT 2	MORTAL KOMBAT 2	T-8101B-		758657328
e181c5d0	Motherbase	PAL	Motherbase (Europe) (Sample).32x	(C)SEGA 1995.MAR	PARASQUAD	MOTHERBASE	UK-84512		1261254708
0d6523a3	Motherbase	PAL	Motherbase (Europe).32x	(C)SEGA 1995.MAR	PARASQUAD	MOTHERBASE	MK-84512		1261254708
ae3364e9	Motocross Championship	PAL	Motocross Championship (Europe).32x	(C)SEGA 1994.DEC	MOTOCROSS CHAMPIONSHIP	MOTOCROSS CHAMPIONSHIP	MK-84600		1261254708
0a075812	Motocross Championship (Japan, USA) (1994-10-12)	NTSC-U	Motocross Championship (Japan, USA) (En) (Beta) (1994-10-12).32x						
f3163d21	Motocross Championship (Japan, USA) (1994-10-17)	NTSC-U	Motocross Championship (Japan, USA) (En) (Beta) (1994-10-17).32x						
2c2dc4df	Motocross Championship (Japan, USA) (1994-10-18)	NTSC-U	Motocross Championship (Japan, USA) (En) (Beta) (1994-10-18).32x	(C)SEGA 1994.???	MOTOCROSS FOR MARS	MOTOCROSS FOR MARS	 Version		1449489011
385ed8c7	Motocross Championship (Japan, USA) (1994-10-19)	NTSC-U	Motocross Championship (Japan, USA) (En) (Beta) (1994-10-19).32x	(C)SEGA 1994.???	MOTOCROSS FOR MARS	MOTOCROSS FOR MARS	 Version		1449489011
ac6cf708	Motocross Championship (Japan, USA) (1994-10-20)	NTSC-U	Motocross Championship (Japan, USA) (En) (Beta) (1994-10-20).32x	(C)SEGA 1994.???	MOTOCROSS FOR MARS	MOTOCROSS FOR MARS	 Version		1449489011
20c49183	Motocross Championship (Japan, USA) (1994-10-24)	NTSC-U	Motocross Championship (Japan, USA) (En) (Beta) (1994-10-24).32x	(C)SEGA 1994.???	MOTOCROSS FOR MARS	MOTOCROSS FOR MARS	 Version		1449489011
59107472	Motocross Championship (Japan, USA) (1994-10-28)	NTSC-U	Motocross Championship (Japan, USA) (En) (Beta) (1994-10-28).32x	(C)SEGA 1994.???	MOTOCROSS FOR MARS	MOTOCROSS FOR MARS	 Version		1449489011
46970275	Motocross Championship (Japan, USA) (1994-11-01)	NTSC-U	Motocross Championship (Japan, USA) (En) (Beta) (1994-11-01).32x	(C)SEGA 1994.???	MOTOCROSS FOR MARS	MOTOCROSS FOR MARS	 Version		1449489011
cefef428	Motocross Championship (Japan, USA) (1994-11-02)	NTSC-U	Motocross Championship (Japan, USA) (En) (Beta) (1994-11-02) (Alt).32x	(C)SEGA 1994.???	MOTOCROSS FOR MARS	MOTOCROSS FOR MARS	 Version		1449489011
efe307ff	Motocross Championship (Japan, USA) (1994-11-02)	NTSC-U	Motocross Championship (Japan, USA) (En) (Beta) (1994-11-02).32x	(C)SEGA 1994.???	MOTOCROSS FOR MARS	MOTOCROSS FOR MARS	 Version		1449489011
c652c802	Motocross Championship (Japan, USA) (1994-11-03)	NTSC-U	Motocross Championship (Japan, USA) (En) (Beta) (1994-11-03).32x	(C)SEGA 1994.???	MOTOCROSS FOR MARS	MOTOCROSS FOR MARS	 Version		1449489011
6e12d410	Motocross Championship (Japan, USA) (1994-11-04)	NTSC-U	Motocross Championship (Japan, USA) (En) (Beta) (1994-11-04).32x	(C)SEGA 1994.???	MOTOCROSS FOR MARS	MOTOCROSS FOR MARS	 Version		1449489011
63db2fb0	Motocross Championship (Japan, USA) (1994-11-07)	NTSC-U	Motocross Championship (Japan, USA) (En) (Beta) (1994-11-07).32x	(C)SEGA 1994.NOV	MOTOCROSS CHAMPIONSHIP	MOTOCROSS CHAMPIONSHIP	 Version		1449489011
5ff9eab9	Motocross Championship (Japan, USA) (1994-11-08)	NTSC-U	Motocross Championship (Japan, USA) (En) (Beta) (1994-11-08).32x	(C)SEGA 1994.NOV	MOTOCROSS CHAMPIONSHIP	MOTOCROSS CHAMPIONSHIP	 Version		1449489011
37f78d3d	Motocross Championship (Japan, USA) (1994-11-11)	NTSC-U	Motocross Championship (Japan, USA) (En) (Beta) (1994-11-11).32x	(C)SEGA 1994.NOV	MOTOCROSS CHAMPIONSHIP	MOTOCROSS CHAMPIONSHIP	 Version		1449489011
a21c5761	Motocross Championship	NTSC-U	Motocross Championship (USA).32x	(C)SEGA 1994.NOV	MOTOCROSS CHAMPIONSHIP	MOTOCROSS CHAMPIONSHIP	MK-84600		1261254708
6b7994aa	NBA Jam - Tournament Edition	NTSC-U	NBA Jam - Tournament Edition (World).32x	(C)T-81 1995.APR	NBA JAM TOURNAMENT EDITION	NBA JAM TOURNAMENT EDITION	T-8104B		758657328
0bc7018d	NFL Quarterback Club	NTSC-U	NFL Quarterback Club (World).32x	(C)T-81 1995.FEB	NFL QUARTERBACK CLUB	NFL QUARTERBACK CLUB	T-8102B		758657328
390a90f9	Pinocchio (1995-12-06)	PAL	Pinocchio (Europe) (Proto) (1995-12-06).32x	(C)T-70 1994.JUN	PINOCCHIO	PINOCCHIO	T-7001B		758591536
f9126f15	Pitfall - The Mayan Adventure	NTSC-U	Pitfall - The Mayan Adventure (USA).32x	(C)T-130 1995.05	Pitfall - The Mayan Adventure	Pitfall - The Mayan Adventure	T-13001B		758199088
e78a4d28	Primal Rage (USA, Europe)	NTSC-U	Primal Rage (USA, Europe).32x	(C)SEGA 1995.SEP	PRIMAL RAGE	PRIMAL RAGE	MK-84705		1261254708
ff795fdc	RBI Baseball '95	NTSC-U	RBI Baseball '95 (USA).32x	(C)T-48 1995.MAR	RBI Baseball 95	RBI Baseball 95	T-04803F		758133816
e4de7625	Sangokushi IV	NTSC-J	Sangokushi IV (Japan).32x	(C)T-76 1995.APR	SANGOKUSHI4		T-7601A		758593072
5ea52f22	Soulstar X	NTSC-U	Soulstar X (USA) (Proto).32x	(C)T115 1995.APR	SOULSTAR X	SOULSTAR X	1505B-50		892351810
5cac3587	Space Harrier	PAL	Space Harrier (Europe).32x	(C)SEGA 1994.OCT	SPACE HARRIER	SPACE HARRIER	MK-84505		1261254708
2c65fa40	Space Harrier (Japan, USA) (1994-09-20)	NTSC-U	Space Harrier (Japan, USA) (En) (Beta) (1994-09-20).32x	(C)SEGA 1994.SEP	SPACE HARRIER	SPACE HARRIER	MK-84505		1261254708
86e7f989	Space Harrier (Japan, USA)	NTSC-U	Space Harrier (Japan, USA) (En).32x	(C)SEGA 1994.SEP	SPACE HARRIER	SPACE HARRIER	MK-84505		1261254708
ce6c4b99	Spot Goes to Hollywood	NTSC-U	Spot Goes to Hollywood (USA) (Proto).32x						
dd9708b9	Star Trek - Starfleet Academy - Starship Bridge Simulator	NTSC-U	Star Trek - Starfleet Academy - Starship Bridge Simulator (USA).32x	(C)SEGA 1995.OCT	STAR TREK STARFLEET ACADEMY BRIDGE SIMULATOR	STAR TREK STARFLEET ACADEMY BRIDGE SIMULATOR	MK-84521		1261254708
8e7bfc7c	Star Wars Arcade (1994-09-23)	PAL	Star Wars Arcade (Europe) (Beta) (1994-09-23).32x	(C)SEGA 1994 SEP	STAR WARS ARCADE	STAR WARS ARCADE	MK-84508		1261254708
7682fe72	Star Wars Arcade (1994-09-29)	PAL	Star Wars Arcade (Europe) (Beta) (1994-09-29).32x	(C)SEGA 1994 SEP	STAR WARS ARCADE	STAR WARS ARCADE	MK-84508		1261254708
c00af920	Star Wars Arcade (1994-10-06)	PAL	Star Wars Arcade (Europe) (Beta) (1994-10-06).32x	(C)SEGA 1994.SEP	STAR WARS ARCADE	STAR WARS ARCADE	MK-84508		1261254708
57afc1ac	Star Wars Arcade (1994-10-07)	PAL	Star Wars Arcade (Europe) (Beta) (1994-10-07).32x	(C)SEGA 1994.OCT	STAR WARS ARCADE	STAR WARS ARCADE	MK-84508		1261254708
82e82660	Star Wars Arcade	PAL	Star Wars Arcade (Europe).32x	(C)SEGA 1994.OCT	STAR WARS ARCADE	STAR WARS ARCADE	MK-84508		1261254708
6074f26c	Star Wars Arcade (1994-09-30)	NTSC-J	Star Wars Arcade (Japan) (Beta) (1994-09-30).32x	(C)SEGA 1994 SEP	STAR WARS ARCADE	STAR WARS ARCADE	MK-84508		1261254708
a653a183	Star Wars Arcade (1994-10-03)	NTSC-J	Star Wars Arcade (Japan) (Beta) (1994-10-03).32x	(C)SEGA 1994.SEP	STAR WARS ARCADE	STAR WARS ARCADE	MK-84508		1261254708
9861e21f	Star Wars Arcade (1994-10-05)	NTSC-J	Star Wars Arcade (Japan) (Beta) (1994-10-05).32x	(C)SEGA 1994 SEP	STAR WARS ARCADE	STAR WARS ARCADE	MK-84508		1261254708
f4e9b846	Star Wars Arcade	NTSC-J	Star Wars Arcade (Japan).32x	(C)SEGA 1994.SEP	STAR WARS ARCADE	STAR WARS ARCADE	MK-84508		1261254708
10d4a078	Star Wars Arcade (1994-08-30)	NTSC-U	Star Wars Arcade (USA) (Beta) (1994-08-30).32x						
b0bb29eb	Star Wars Arcade (1994-09-01)	NTSC-U	Star Wars Arcade (USA) (Beta) (1994-09-01).32x						
b8d9317c	Star Wars Arcade (1994-09-06)	NTSC-U	Star Wars Arcade (USA) (Beta) (1994-09-06).32x						
c6a8582b	Star Wars Arcade (1994-09-07)	NTSC-U	Star Wars Arcade (USA) (Beta) (1994-09-07).32x						
5bdd86d3	Star Wars Arcade (1994-09-09)	NTSC-U	Star Wars Arcade (USA) (Beta) (1994-09-09).32x						
118a011c	Star Wars Arcade (1994-09-12)	NTSC-U	Star Wars Arcade (USA) (Beta) (1994-09-12).32x						
dc5628ba	Star Wars Arcade (1994-09-13)	NTSC-U	Star Wars Arcade (USA) (Beta) (1994-09-13).32x						
efc980fe	Star Wars Arcade (1994-09-14)	NTSC-U	Star Wars Arcade (USA) (Beta) (1994-09-14).32x						
34c6a769	Star Wars Arcade (1994-09-15)	NTSC-U	Star Wars Arcade (USA) (Beta) (1994-09-15).32x						
150a0dfd	Star Wars Arcade (1994-09-16)	NTSC-U	Star Wars Arcade (USA) (Beta) (1994-09-16).32x						
02933d44	Star Wars Arcade (1994-09-18)	NTSC-U	Star Wars Arcade (USA) (Beta) (1994-09-18).32x						
2f16b44a	Star Wars Arcade	NTSC-U	Star Wars Arcade (USA).32x	(C)SEGA 1994 SEP	STAR WARS ARCADE	STAR WARS ARCADE	MK-84508		1261254708
24057310	Stellar Assault (1995-02-06)	NTSC-J	Stellar Assault (Japan) (En) (Beta) (1995-02-06).32x						
ca0de10e	Stellar Assault (1995-02-13)	NTSC-J	Stellar Assault (Japan) (En) (Beta) (1995-02-13).32x						
fce4c8c7	Stellar Assault	NTSC-J	Stellar Assault (Japan).32x	(C)SEGA 1995.MAR	STELLAR ASSAULT	SHADOW SQUADRON	GM-04010		1294807092
48ef9ee9	Stellar Assault (USA, Europe) (1995-02-22)	NTSC-U	Stellar Assault (USA, Europe) (Beta) (1995-02-22).32x	(C)SEGA 1995.May	STELLAR ASSAULT	STELLAR ASSAULT	84509		875900985
25bdde61	Stellar Assault (USA, Europe) (1995-03-02)	NTSC-U	Stellar Assault (USA, Europe) (Beta) (1995-03-02).32x	(C)SEGA 1995.MAY	STELLAR ASSAULT	STELLAR ASSAULT	MK-84509		1261254708
7eec3665	Stellar Assault (USA, Europe) (1995-03-06)	NTSC-U	Stellar Assault (USA, Europe) (Beta) (1995-03-06).32x	(C)SEGA 1995.MAY	STELLAR ASSAULT	STELLAR ASSAULT	MK-84509		1261254708
58962105	Stellar Assault (USA, Europe) (1995-03-13)	NTSC-U	Stellar Assault (USA, Europe) (Beta) (1995-03-13) (Alt).32x	(C)SEGA 1995.MAR	STELLAR ASSAULT	SHADOW SQUADRON	MK-84509		1261254708
fd7fedb2	Stellar Assault (USA, Europe) (1995-03-13)	NTSC-U	Stellar Assault (USA, Europe) (Beta) (1995-03-13).32x	(C)SEGA 1995.MAR	STELLAR ASSAULT	SHADOW SQUADRON	MK-84509		1261254708
60c49e4d	Stellar Assault (USA, Europe)	NTSC-U	Stellar Assault (USA, Europe).32x	(C)SEGA 1995.MAR	STELLAR ASSAULT	SHADOW SQUADRON	MK-84509		1261254708
66d2c48f	T-MEK (USA, Europe)	NTSC-U	T-MEK (USA, Europe).32x	(C)SEGA 1995.SEP	T-MEK	T-MEK	MK-84520		1261254708
7bfe49a3	Tempo (Japan, USA) (1994-12-21)	NTSC-U	Tempo (Japan, USA) (En) (Beta) (1994-12-21).32x						
48cc1645	Tempo (Japan, USA) (1995-01-19)	NTSC-U	Tempo (Japan, USA) (En) (Beta) (1995-01-19).32x						
7a02c17b	Tempo (Japan, USA) (1995-01-24)	NTSC-U	Tempo (Japan, USA) (En) (Beta) (1995-01-24).32x						
86637ae4	Tempo (Japan, USA) (1995-01-26)	NTSC-U	Tempo (Japan, USA) (En) (Beta) (1995-01-26).32x	(C)SEGA 1995.JAN	TEMPO	TEMPO	00084504		808466484
6e2bcc9f	Tempo (Japan, USA) (1995-02-04)	NTSC-U	Tempo (Japan, USA) (En) (Beta) (1995-02-04).32x	(C)SEGA 1995.FEB	TEMPO	TEMPO	MK-84504		1261254708
e2502fe6	Tempo (Japan, USA) (1995-02-06)	NTSC-U	Tempo (Japan, USA) (En) (Beta) (1995-02-06) (Alt).32x	(C)SEGA 1995.FEB	TEMPO	TEMPO	MK-84504		1261254708
6d0775f3	Tempo (Japan, USA) (1995-02-06)	NTSC-U	Tempo (Japan, USA) (En) (Beta) (1995-02-06).32x	(C)SEGA 1995.FEB	TEMPO	TEMPO	MK-84504		1261254708
a2ebc91c	Tempo (Japan, USA) (1995-02-07)	NTSC-U	Tempo (Japan, USA) (En) (Beta) (1995-02-07).32x	(C)SEGA 1995.FEB	TEMPO	TEMPO	MK-84504		1261254708
14e5c575	Tempo (Japan, USA)	NTSC-U	Tempo (Japan, USA) (En).32x	(C)SEGA 1995.FEB	TEMPO	TEMPO	MK-84504		1261254708
6c2176ca	Time Warner 32X CMD Download Cartridge	NTSC-U	Time Warner 32X CMD Download Cartridge (USA) (Program).32x	(C)TWI  1995.JAN	32X CMD Download	32X CMD Download	T-48126		758396977
14eac7a6	Toughman Contest (USA, Europe)	NTSC-U	Toughman Contest (USA, Europe).32x	(C)T-50 1995.FEB	Toughman Contest	Toughman Contest	T-5001B		758460464
25aea73c	Virtua Fighter	PAL	Virtua Fighter (Europe).32x	(C)SEGA 1995.AUG	VIRTUA FIGHTER	VIRTUA FIGHTER	MK-84701		1261254708
46a88625	Virtua Fighter (Japan, USA) (1995-05-30)	NTSC-U	Virtua Fighter (Japan, USA) (En) (Beta) (1995-05-30).32x	(C)SEGA 1995.Sep	VIRTUA FIGHTER	VIRTUA FIGHTER	GX5001		1479880752
8df6401c	Virtua Fighter (Japan, USA) (1995-06-15)	NTSC-U	Virtua Fighter (Japan, USA) (En) (Beta) (1995-06-15).32x	(C)SEGA 1995.Sep	VIRTUA FIGHTER	VIRTUA FIGHTER	GX5001		1479880752
3b88f987	Virtua Fighter (Japan, USA) (1995-06-30)	NTSC-U	Virtua Fighter (Japan, USA) (En) (Beta) (1995-06-30).32x	(C)SEGA 1995.Sep	VIRTUA FIGHTER	VIRTUA FIGHTER	GX5001		1479880752
6a364bce	Virtua Fighter (Japan, USA) (1995-07-17)	NTSC-U	Virtua Fighter (Japan, USA) (En) (Beta) (1995-07-17).32x	(C)SEGA 1995.OCT	VIRTUA FIGHTER	VIRTUA FIGHTER	MK-84701		1261254708
1c4c13f3	Virtua Fighter (Japan, USA) (1995-07-21)	NTSC-U	Virtua Fighter (Japan, USA) (En) (Beta) (1995-07-21).32x	(C)SEGA 1995.OCT	VIRTUA FIGHTER	VIRTUA FIGHTER	MK-84701		1261254708
d4f5484b	Virtua Fighter (Japan, USA) (1995-07-24)	NTSC-U	Virtua Fighter (Japan, USA) (En) (Beta) (1995-07-24).32x	(C)SEGA 1995.OCT	VIRTUA FIGHTER	VIRTUA FIGHTER	MK-84701		1261254708
aff4d320	Virtua Fighter (Japan, USA) (1995-07-25)	NTSC-U	Virtua Fighter (Japan, USA) (En) (Beta) (1995-07-25).32x	(C)SEGA 1995.OCT	VIRTUA FIGHTER	VIRTUA FIGHTER	MK-84701		1261254708
b5de9626	Virtua Fighter (Japan, USA)	NTSC-U	Virtua Fighter (Japan, USA) (En).32x	(C)SEGA 1995.OCT	VIRTUA FIGHTER	VIRTUA FIGHTER	MK-84701		1261254708
cd54ac37	Virtua Hamster	NTSC-U	Virtua Hamster (USA) (Proto).32x						
27f14b5f	Virtua Racing Deluxe	PAL	Virtua Racing Deluxe (Europe).32x	(C)SEGA 1994.SEP	V.R.DX	V.R.DX	MK-84601		1261254708
0908e888	Virtua Racing Deluxe	NTSC-J	Virtua Racing Deluxe (Japan).32x	(C)SEGA 1994.Oct	V.R.DX	V.R.DX	GX5001		1479880752
6ebb3eda	Virtua Racing Deluxe (1994-08-22)	NTSC-U	Virtua Racing Deluxe (USA) (Beta) (1994-08-22).32x						
86a318de	Virtua Racing Deluxe (1994-08-29)	NTSC-U	Virtua Racing Deluxe (USA) (Beta) (1994-08-29).32x						
99f38344	Virtua Racing Deluxe (1994-09-05)	NTSC-U	Virtua Racing Deluxe (USA) (Beta) (1994-09-05).32x						
7896b62e	Virtua Racing Deluxe	NTSC-U	Virtua Racing Deluxe (USA).32x	(C)SEGA 1994.SEP	V.R.DX	V.R.DX	MK-84601		1261254708
8eb7cd2c	WWF Raw	NTSC-U	WWF Raw (World).32x	(C)T-81 1995.APR	WWF RAW	WWF RAW	T-8103B		758657328
61833503	WWF WrestleMania - The Arcade Game	NTSC-U	WWF WrestleMania - The Arcade Game (USA).32x	(C)T-81 1995.AUG	WRESTLEMANIA	WRESTLEMANIA	T-8110B		758657329
6de1bc75	World Series Baseball Starring Deion Sanders	NTSC-U	World Series Baseball Starring Deion Sanders (USA).32x	(C)SEGA 1995.DEC	WORLD SERIES    BASEBALL	WORLD SERIES    BASEBALL	MK-84605		1261254708
d61febc0	X-Men	NTSC-U	X-Men (USA) (Proto).32x						
c65693af	Zaxxon's Motherbase (Japan, USA) (1995-02-10)	NTSC-U	Zaxxon's Motherbase (Japan, USA) (En) (Beta) (1995-02-10).32x	(C)SEGA 1995.MAY	PARASQUAD	MOTHER BASE	T-68???-		758528063
061c0cf2	Zaxxon's Motherbase (Japan, USA) (1995-02-21)	NTSC-U	Zaxxon's Motherbase (Japan, USA) (En) (Beta) (1995-02-21).32x	(C)SEGA 1995.MAY	PARASQUAD	MOTHER BASE	MK-84512		1261254708
e92b36c5	Zaxxon's Motherbase (Japan, USA) (1995-02-23)	NTSC-U	Zaxxon's Motherbase (Japan, USA) (En) (Beta) (1995-02-23).32x	(C)SEGA 1995.MAY	PARASQUAD	MOTHER BASE	MK-84512		1261254708
a1ef9787	Zaxxon's Motherbase (Japan, USA) (1995-02-27)	NTSC-U	Zaxxon's Motherbase (Japan, USA) (En) (Beta) (1995-02-27).32x	(C)SEGA 1995.FEB	PARASQUAD	MOTHERBASE	MK-84512		1261254708
5856082d	Zaxxon's Motherbase (Japan, USA) (1995-03-03)	NTSC-U	Zaxxon's Motherbase (Japan, USA) (En) (Beta) (1995-03-03).32x	(C)SEGA 1995.MAR	PARASQUAD	MOTHERBASE	MK-84512		1261254708
90692a18	Zaxxon's Motherbase (Japan, USA) (1995-03-06)	NTSC-U	Zaxxon's Motherbase (Japan, USA) (En) (Beta) (1995-03-06).32x	(C)SEGA 1995.MAR	PARASQUAD	MOTHERBASE	MK-84512		1261254708
20faf0c3	Zaxxon's Motherbase (Japan, USA) (1995-03-10)	NTSC-U	Zaxxon's Motherbase (Japan, USA) (En) (Beta) (1995-03-10).32x	(C)SEGA 1995.MAR	PARASQUAD	MOTHERBASE	MK-84512		1261254708
adfd5bc6	Zaxxon's Motherbase (Japan, USA) (1995-03-15)	NTSC-U	Zaxxon's Motherbase (Japan, USA) (En) (Beta) (1995-03-15).32x	(C)SEGA 1995.MAR	PARASQUAD	MOTHERBASE	MK-84512		1261254708
1344f08b	Zaxxon's Motherbase (Japan, USA) (1995-03-31)	NTSC-U	Zaxxon's Motherbase (Japan, USA) (En) (Beta) (1995-03-31).32x	(C)SEGA 1995.APR	PARASQUAD	ZAXXON'S MOTHERBASE 2000	MK-84512		1261254708
447d44be	Zaxxon's Motherbase 2000 (Japan, USA)	NTSC-U	Zaxxon's Motherbase 2000 (Japan, USA) (En).32x	(C)SEGA 1995.MAR	PARASQUAD	ZAXXON'S MOTHERBASE 2000	MK-84512		1261254708
